"Scenario","N","P","Rho","Model","Mean_RMSE","SD_RMSE","QRMSE_90","ERisk","TopOne"
"S1",35,9,0.2,"OLS",1.78335189635448,0.15843242993944,2.02780336812242,0.282897878876753,0.202
"S1",35,9,0.2,"Ridge",1.76734406703147,0.145371744082058,1.95770261301621,0.266890049553751,0.134
"S1",35,9,0.2,"LASSO",1.74455015471715,0.159761759929929,1.95630767934829,0.244096137239427,0.442
"S1",35,9,0.2,"ENet",1.74951476793148,0.155433989127687,1.94165301646455,0.249060750453756,0.222
"S1",35,9,0.2,"BART",2.21826012646384,0.16495015935784,2.43188576837584,0.717806108986117,0
"S1",35,9,0.2,"RF",2.367407504689,0.130667845966106,2.53868367309155,0.866953487211272,0
"S1",35,9,0.2,"XGB",2.32956911297175,0.165601702631956,2.54924236777725,0.82911509549403,0
"S1",75,9,0.2,"OLS",1.60760714469212,0.0512363178262064,1.67910948964373,0.107752912059741,0.24
"S1",75,9,0.2,"Ridge",1.60752354749335,0.0507014261394036,1.67354401321696,0.107669314860966,0.074
"S1",75,9,0.2,"LASSO",1.59584510646897,0.0507253747372333,1.66502748583042,0.0959908738365876,0.476
"S1",75,9,0.2,"ENet",1.59785540972944,0.051263521184332,1.67069440558069,0.0980011770970618,0.21
"S1",75,9,0.2,"BART",1.97481155011784,0.0961387975613353,2.10362420799492,0.474957317485464,0
"S1",75,9,0.2,"RF",2.13491173533461,0.0876312846898914,2.24749392705122,0.635057502702227,0
"S1",75,9,0.2,"XGB",2.03786161225003,0.084950040558251,2.14720465879164,0.538007379617651,0
"S1",150,9,0.2,"OLS",1.5531242948545,0.0267143241129714,1.58421210762701,0.0532199764830614,0.212
"S1",150,9,0.2,"Ridge",1.55932753432654,0.0285233996240474,1.59368253373165,0.0594232159551037,0.064
"S1",150,9,0.2,"LASSO",1.54721762820767,0.0267845289159703,1.57837548844534,0.0473133098362309,0.522
"S1",150,9,0.2,"ENet",1.5484707322584,0.0266099793782539,1.58049616074585,0.0485664138869641,0.202
"S1",150,9,0.2,"BART",1.81318464139617,0.0573943875597008,1.88640703678343,0.313280323024735,0
"S1",150,9,0.2,"RF",1.98145014794555,0.0583690317460982,2.05607267297854,0.481545829574116,0
"S1",150,9,0.2,"XGB",1.85716481278197,0.0485847294739897,1.9188308382178,0.357260494410535,0
"S1",500,9,0.2,"OLS",1.51531533010783,0.0123864819879495,1.53064408966366,0.0156214925211055,0.252
"S1",500,9,0.2,"Ridge",1.52559481546665,0.0148105386769514,1.54339255903808,0.0259009778799191,0.02
"S1",500,9,0.2,"LASSO",1.51361836619386,0.0124471027384866,1.52892073165692,0.0139245286071307,0.524
"S1",500,9,0.2,"ENet",1.51405764176947,0.0124057373875802,1.52915509871571,0.01436380418274,0.204
"S1",500,9,0.2,"BART",1.67176267887684,0.0247682820427724,1.7022777600609,0.172068841290116,0
"S1",500,9,0.2,"RF",1.79210651485667,0.029597123647866,1.83205979989776,0.292412677269944,0
"S1",500,9,0.2,"XGB",1.67418261045577,0.0217380337548066,1.70277991649903,0.174488772869038,0
"S1",35,9,0.6,"OLS",1.78175296678423,0.132413635217961,1.96415543080471,0.281332095996129,0.178
"S1",35,9,0.6,"Ridge",1.7419192603229,0.114629776563885,1.8975870358444,0.241498389534798,0.204
"S1",35,9,0.6,"LASSO",1.73568994829964,0.128336877336209,1.89781303625821,0.235269077511538,0.394
"S1",35,9,0.6,"ENet",1.73428805690014,0.120747961549973,1.90029379168704,0.233867186112036,0.224
"S1",35,9,0.6,"BART",2.10640135233184,0.122194708623285,2.26060748425031,0.605980481543735,0
"S1",35,9,0.6,"RF",2.11953102416289,0.0997088946886951,2.25332692863856,0.619110153374783,0
"S1",35,9,0.6,"XGB",2.2096539350619,0.141120057270588,2.37865193975215,0.709233064273795,0
"S1",75,9,0.6,"OLS",1.61120348502796,0.0517668645543524,1.67539549661812,0.110459391303625,0.226
"S1",75,9,0.6,"Ridge",1.61279907112278,0.053768132765337,1.67816542456231,0.112054977398448,0.09
"S1",75,9,0.6,"LASSO",1.59709142657488,0.0557308631655508,1.67100121036682,0.096347332850543,0.444
"S1",75,9,0.6,"ENet",1.59956943125559,0.0542117413013938,1.66673884626135,0.098825337531255,0.24
"S1",75,9,0.6,"BART",1.93507162351287,0.0879456419845925,2.04886072649649,0.434327529788536,0
"S1",75,9,0.6,"RF",1.96294046450129,0.0717989313245357,2.05738885827989,0.462196370776957,0
"S1",75,9,0.6,"XGB",1.97502978373281,0.0813143426366692,2.08349278359652,0.474285690008475,0
"S1",150,9,0.6,"OLS",1.55120870334594,0.0265600122230939,1.58634868235178,0.0520348648816512,0.228
"S1",150,9,0.6,"Ridge",1.56486456328519,0.030102766928357,1.60439350177829,0.0656907248209084,0.048
"S1",150,9,0.6,"LASSO",1.54556726713173,0.0267290441509159,1.57852378355165,0.0463934286674455,0.464
"S1",150,9,0.6,"ENet",1.54679096656175,0.0272651893543232,1.58016793742814,0.0476171280974675,0.26
"S1",150,9,0.6,"BART",1.80123693066743,0.0515616586784026,1.86535340168848,0.302063092203148,0
"S1",150,9,0.6,"RF",1.85365903886246,0.0436040555362045,1.91071527330115,0.35448520039818,0
"S1",150,9,0.6,"XGB",1.82689524542335,0.0469042366318014,1.88482747120011,0.327721406959069,0
"S1",500,9,0.6,"OLS",1.51505659530135,0.0131721020119773,1.5316540075272,0.0149246534277893,0.278
"S1",500,9,0.6,"Ridge",1.53673522321573,0.0165034345905475,1.55832579875265,0.0366032813421683,0
"S1",500,9,0.6,"LASSO",1.51347157706167,0.0129402272041083,1.52993571914728,0.0133396351881055,0.536
"S1",500,9,0.6,"ENet",1.51407013750164,0.0131361189514838,1.53073630212493,0.0139381956280771,0.186
"S1",500,9,0.6,"BART",1.66715954541654,0.0232665436724717,1.69736136612034,0.16702760354298,0
"S1",500,9,0.6,"RF",1.71998730092658,0.0226275912669157,1.75025200531225,0.219855359053018,0
"S1",500,9,0.6,"XGB",1.65952570353752,0.0203518980965074,1.68540447322799,0.159393761663956,0
"S1",35,9,0.85,"OLS",1.79078381064389,0.146109943152451,1.9717924735439,0.290861684562674,0.098
"S1",35,9,0.85,"Ridge",1.69223384454746,0.0800073083792138,1.79533266510524,0.192311718466245,0.37
"S1",35,9,0.85,"LASSO",1.70476897524066,0.111062023253548,1.8379459530152,0.204846849159445,0.312
"S1",35,9,0.85,"ENet",1.70052637324379,0.104866394547175,1.82995214914336,0.200604247162572,0.218
"S1",35,9,0.85,"BART",1.97695738221046,0.100108311884999,2.10347168499028,0.47703525612924,0
"S1",35,9,0.85,"RF",1.90819481040462,0.0919271120127194,2.01122261733802,0.408272684323401,0.002
"S1",35,9,0.85,"XGB",2.08649206593135,0.136413840581432,2.28158821559878,0.586569939850132,0
"S1",75,9,0.85,"OLS",1.60881101797819,0.0514963732044164,1.67837819225092,0.107817737991619,0.22
"S1",75,9,0.85,"Ridge",1.60383232511435,0.0445427577259266,1.65884527422015,0.102839045127782,0.162
"S1",75,9,0.85,"LASSO",1.59418977660677,0.0492091368779316,1.66023247227107,0.0931964966202023,0.358
"S1",75,9,0.85,"ENet",1.5951589383155,0.0488112109871074,1.66317198674553,0.0941656583289324,0.26
"S1",75,9,0.85,"BART",1.85184358824323,0.064662666221231,1.9422817637653,0.350850308256665,0
"S1",75,9,0.85,"RF",1.797481839779,0.0472665779858993,1.85897201537581,0.296488559792437,0
"S1",75,9,0.85,"XGB",1.90552055871918,0.0723960843661336,2.00016301166657,0.40452727873261,0
"S1",150,9,0.85,"OLS",1.55351012328639,0.0269439993737295,1.58968571849609,0.0534345677898776,0.238
"S1",150,9,0.85,"Ridge",1.57195409295709,0.028281484809914,1.6101521004663,0.0718785374605697,0.042
"S1",150,9,0.85,"LASSO",1.54751814818305,0.0289289723274426,1.5889452966466,0.0474425926865357,0.418
"S1",150,9,0.85,"ENet",1.54827259794482,0.0285190039728705,1.59078854736196,0.0481970424483042,0.302
"S1",150,9,0.85,"BART",1.75856794821915,0.0480301945727427,1.82026956125166,0.258492392722639,0
"S1",150,9,0.85,"RF",1.72350087748097,0.0319198674741999,1.76379844403891,0.223425321984451,0
"S1",150,9,0.85,"XGB",1.78508389428392,0.0447767678079366,1.84385835878126,0.285008338787407,0
"S1",500,9,0.85,"OLS",1.51524971011339,0.0126643939540015,1.53133778750014,0.0153027220705528,0.238
"S1",500,9,0.85,"Ridge",1.55065480820023,0.0165046355473781,1.57185424434914,0.0507078201573967,0.002
"S1",500,9,0.85,"LASSO",1.51331461002999,0.0127801490217273,1.53057963790743,0.0133676219871559,0.484
"S1",500,9,0.85,"ENet",1.51361953175951,0.0127874389204923,1.53039401049972,0.0136725437166734,0.276
"S1",500,9,0.85,"BART",1.64973529213069,0.0224831946388994,1.68009505694344,0.149788304087854,0
"S1",500,9,0.85,"RF",1.6380949703722,0.0179527035189228,1.66090368187127,0.138147982329359,0
"S1",500,9,0.85,"XGB",1.63783783213061,0.0190158610507653,1.66240518915906,0.137890844087776,0
"S1",35,30,0.2,"OLS",4.69982693726199,2.0866875102936,6.84361130664496,3.1993873162117,0
"S1",35,30,0.2,"Ridge",2.76363254943907,0.0977613752913284,2.880323240549,1.26319292838878,0
"S1",35,30,0.2,"LASSO",1.93321227489326,0.217318510820195,2.23072398392454,0.432772653842971,0.722
"S1",35,30,0.2,"ENet",1.97885213938084,0.232454033310216,2.27823075969331,0.478412518330543,0.268
"S1",35,30,0.2,"BART",2.53818868467668,0.214808505564004,2.81254444215219,1.03774906362638,0.006
"S1",35,30,0.2,"RF",2.56856792516414,0.158016763093319,2.77308178952723,1.06812830411385,0.002
"S1",35,30,0.2,"XGB",2.52230957749651,0.192162594888204,2.77558501619952,1.02186995644622,0.002
"S1",75,30,0.2,"OLS",1.95771695125396,0.14568365913944,2.14539658542363,0.458918479687993,0.002
"S1",75,30,0.2,"Ridge",1.86980899490644,0.109573643441635,2.01504441938673,0.371010523340469,0
"S1",75,30,0.2,"LASSO",1.66372167898027,0.0829109821539417,1.76690998470956,0.164923207414306,0.82
"S1",75,30,0.2,"ENet",1.68635831542488,0.0828107511271048,1.79299366449645,0.187559843858907,0.178
"S1",75,30,0.2,"BART",2.1950120915432,0.14706890898965,2.38098477645072,0.696213619977227,0
"S1",75,30,0.2,"RF",2.31292813071017,0.10339653934012,2.44728681271639,0.814129659144206,0
"S1",75,30,0.2,"XGB",2.15725893680396,0.0999636046899422,2.30039719749864,0.658460465237991,0
"S1",150,30,0.2,"OLS",1.68257051226385,0.0514874411302356,1.75069329032667,0.182623602186033,0.01
"S1",150,30,0.2,"Ridge",1.67123058006528,0.0477428531630827,1.73397056011986,0.171283669987461,0
"S1",150,30,0.2,"LASSO",1.57747007845184,0.0363478990083832,1.62470111781754,0.077523168374018,0.876
"S1",150,30,0.2,"ENet",1.58964750285039,0.0388939500367574,1.63778481020201,0.0897005927725694,0.114
"S1",150,30,0.2,"BART",1.93876952137295,0.0790777284342822,2.03553074757546,0.438822611295125,0
"S1",150,30,0.2,"RF",2.13510562020412,0.0660759232119692,2.22134043168293,0.635158710126296,0
"S1",150,30,0.2,"XGB",1.9396569854987,0.0587010278748648,2.01628638169959,0.43971007542088,0
"S1",500,30,0.2,"OLS",1.54891326455132,0.0157843649989945,1.56940760279971,0.0492676069149815,0.004
"S1",500,30,0.2,"Ridge",1.55560320112875,0.016703700861138,1.57671380963034,0.0559575434924103,0
"S1",500,30,0.2,"LASSO",1.5217634462899,0.0145767740879724,1.54150450409161,0.0221177886535624,0.89
"S1",500,30,0.2,"ENet",1.52571990311153,0.0147856926861186,1.54501547717028,0.0260742454751873,0.106
"S1",500,30,0.2,"BART",1.72488635244844,0.0336446123944017,1.76945308916498,0.225240694812099,0
"S1",500,30,0.2,"RF",1.91300931311103,0.0343678832760084,1.95509752948802,0.413363655474692,0
"S1",500,30,0.2,"XGB",1.70974201632609,0.0231486948203865,1.73790425298968,0.210096358689753,0
"S1",35,30,0.6,"OLS",4.77239989813871,2.15844939645155,6.79977079418404,3.27314915239466,0
"S1",35,30,0.6,"Ridge",2.33360830037307,0.0946414804629679,2.447900483646,0.83435755462902,0.002
"S1",35,30,0.6,"LASSO",1.858570393371,0.167983406699018,2.07021414660477,0.359319647626956,0.72
"S1",35,30,0.6,"ENet",1.88798634821018,0.176554264989712,2.09262868790945,0.38873560246613,0.274
"S1",35,30,0.6,"BART",2.3174122866377,0.156854251143063,2.49742533413822,0.81816154089365,0
"S1",35,30,0.6,"RF",2.24153997320836,0.104497027431763,2.38223214000579,0.742289227464311,0.004
"S1",35,30,0.6,"XGB",2.3230993901968,0.161193038121361,2.53537288541324,0.823848644452755,0
"S1",75,30,0.6,"OLS",1.97026071098886,0.138955839515959,2.14852005942345,0.47044227744892,0
"S1",75,30,0.6,"Ridge",1.81845593521648,0.0834700312962357,1.92693748332489,0.318637501676543,0.006
"S1",75,30,0.6,"LASSO",1.66949524769051,0.080435468726474,1.77272936682121,0.169676814150569,0.762
"S1",75,30,0.6,"ENet",1.685508460856,0.0836339347685704,1.79374074453427,0.185690027316061,0.232
"S1",75,30,0.6,"BART",2.11344128155131,0.126835740535171,2.26991519938599,0.613622848011377,0
"S1",75,30,0.6,"RF",2.07088188904947,0.0664270983069249,2.1554422043224,0.571063455509539,0
"S1",75,30,0.6,"XGB",2.06304490159466,0.0825397840639472,2.17516127267451,0.563226468054728,0
"S1",150,30,0.6,"OLS",1.68177397995261,0.0488605696508569,1.74880774101736,0.181769878711354,0.008
"S1",150,30,0.6,"Ridge",1.65904222870569,0.0447181756265049,1.71887636273177,0.159038127464426,0
"S1",150,30,0.6,"LASSO",1.57496662599267,0.037910981428063,1.62656358684999,0.0749625247514069,0.838
"S1",150,30,0.6,"ENet",1.584619333168,0.0387836186379906,1.63308095517775,0.0846152319267452,0.154
"S1",150,30,0.6,"BART",1.91860277285878,0.0755954843478774,2.01848303287779,0.418598671617521,0
"S1",150,30,0.6,"RF",1.94726162840517,0.0475947661015773,2.00924004756484,0.447257527163909,0
"S1",150,30,0.6,"XGB",1.88772517089171,0.0534635603577593,1.96514494348278,0.387721069650453,0
"S1",500,30,0.6,"OLS",1.54810232302568,0.016706589589019,1.56751740530293,0.0486317655814323,0.012
"S1",500,30,0.6,"Ridge",1.56234093231897,0.0178094727631881,1.58508778164592,0.0628703748747237,0
"S1",500,30,0.6,"LASSO",1.52140859620869,0.0144970052676344,1.54042752714181,0.0219380387644416,0.844
"S1",500,30,0.6,"ENet",1.5246922507422,0.0146087039821878,1.54311877079043,0.0252216932979572,0.144
"S1",500,30,0.6,"BART",1.72058084777843,0.0323188346976263,1.76482790360357,0.22111029033418,0
"S1",500,30,0.6,"RF",1.79144493563,0.0235272931352295,1.82149932629568,0.291974378185754,0
"S1",500,30,0.6,"XGB",1.69019589939555,0.023432879857758,1.7216677713336,0.190725341951299,0
"S1",35,30,0.85,"OLS",4.57183629574381,1.67487307810388,6.51099009371659,3.07189000035963,0
"S1",35,30,0.85,"Ridge",1.95334918675289,0.0891508752350818,2.0582042836502,0.453402891368702,0.036
"S1",35,30,0.85,"LASSO",1.76660154226404,0.129738004343685,1.92540409647323,0.266655246879848,0.574
"S1",35,30,0.85,"ENet",1.77480141967822,0.126351489872523,1.92902028076285,0.27485512429403,0.36
"S1",35,30,0.85,"BART",2.02532186017964,0.0859498716467063,2.1359332521791,0.525375564795453,0.002
"S1",35,30,0.85,"RF",1.93648588193992,0.0787496960013205,2.03950904423209,0.436539586555727,0.028
"S1",35,30,0.85,"XGB",2.10472024411639,0.127081035069106,2.27951946804696,0.604773948732197,0
"S1",75,30,0.85,"OLS",1.95900824293095,0.134802004223229,2.13624780029137,0.459308727111151,0
"S1",75,30,0.85,"Ridge",1.71449058473573,0.0529552356907156,1.78300262862683,0.214791068915935,0.02
"S1",75,30,0.85,"LASSO",1.64235717857957,0.0668192668094798,1.72363186088828,0.14265766275978,0.684
"S1",75,30,0.85,"ENet",1.64883453836481,0.0627641512720814,1.72113232675028,0.14913502254502,0.296
"S1",75,30,0.85,"BART",1.93724541428293,0.0699670609722676,2.03111983527526,0.437545898463136,0
"S1",75,30,0.85,"RF",1.84584002053673,0.0489214267790842,1.90632337962088,0.346140504716939,0
"S1",75,30,0.85,"XGB",1.94500591013317,0.0731376565420313,2.03696675835315,0.44530639431338,0
"S1",150,30,0.85,"OLS",1.68547112985655,0.0517482580898611,1.75397287469095,0.184628097744094,0.002
"S1",150,30,0.85,"Ridge",1.62872161744003,0.0351464700390838,1.67704411044039,0.127878585327581,0.006
"S1",150,30,0.85,"LASSO",1.57244693368898,0.0343440016375069,1.6196963233064,0.0716039015765267,0.816
"S1",150,30,0.85,"ENet",1.58118422720668,0.0357657575195918,1.62835423094649,0.0803411950942241,0.176
"S1",150,30,0.85,"BART",1.83864952450802,0.0583104069532784,1.91880183916424,0.337806492395567,0
"S1",150,30,0.85,"RF",1.77042071479386,0.0342097276814577,1.81414872584361,0.269577682681402,0
"S1",150,30,0.85,"XGB",1.82220349036876,0.0465537808366122,1.88428956056646,0.321360458256307,0
"S1",500,30,0.85,"OLS",1.54856842649698,0.0165258104530837,1.56830596272229,0.0485937147911938,0.01
"S1",500,30,0.85,"Ridge",1.57041279322016,0.0169136819961353,1.59158315109415,0.0704380815143718,0
"S1",500,30,0.85,"LASSO",1.5210364699995,0.014373137800848,1.53922134138037,0.0210617582937145,0.87
"S1",500,30,0.85,"ENet",1.52399130594066,0.0145869934099328,1.5429307870895,0.0240165942348792,0.12
"S1",500,30,0.85,"BART",1.69714854437773,0.0277756420273874,1.7334616935733,0.197173832671946,0
"S1",500,30,0.85,"RF",1.6739208671412,0.0188729411664515,1.69819543572426,0.173946155435418,0
"S1",500,30,0.85,"XGB",1.6682210214423,0.0220791123869455,1.69587993365516,0.168246309736513,0
"S2",35,9,0.2,"OLS",2.08568768750498,0.169501602457593,2.3019315466673,0.28725910574845,0.17
"S2",35,9,0.2,"Ridge",2.05902568397176,0.162774112155035,2.25834320791291,0.260597102215226,0.154
"S2",35,9,0.2,"LASSO",2.03139459577231,0.163153466084874,2.25110640366405,0.232966014015775,0.39
"S2",35,9,0.2,"ENet",2.03532370724284,0.165531322042127,2.26593034541614,0.236895125486315,0.278
"S2",35,9,0.2,"BART",2.39221713331651,0.161863391149267,2.60859572461571,0.59378855155998,0.006
"S2",35,9,0.2,"RF",2.51941286248306,0.143956176477503,2.70538917741999,0.720984280726532,0
"S2",35,9,0.2,"XGB",2.50417954127245,0.16325540658873,2.7124337315977,0.70575095951592,0.002
"S2",75,9,0.2,"OLS",1.88528039011058,0.0637951463968843,1.97635667513557,0.0866359584584054,0.184
"S2",75,9,0.2,"Ridge",1.87765442524477,0.0609754032369168,1.954310028425,0.0790099935925937,0.112
"S2",75,9,0.2,"LASSO",1.86620346296579,0.0654396992621407,1.95710556532157,0.0675590313136102,0.44
"S2",75,9,0.2,"ENet",1.86748249782391,0.0612696868950787,1.94800635370961,0.068838066171729,0.264
"S2",75,9,0.2,"BART",2.14124575497214,0.101755796077674,2.28174908246486,0.342601323319958,0
"S2",75,9,0.2,"RF",2.27241100286412,0.0860590158203676,2.3797793786335,0.473766571211944,0
"S2",75,9,0.2,"XGB",2.1784146674412,0.0902966562686064,2.29604673984348,0.379770235789022,0
"S2",150,9,0.2,"OLS",1.81398155156688,0.0344069325540821,1.85917850480268,0.0116618192844438,0.232
"S2",150,9,0.2,"Ridge",1.81681329322527,0.0342754552256624,1.86285819007192,0.0144935609428293,0.044
"S2",150,9,0.2,"LASSO",1.80668098322179,0.0355783156623882,1.85694197063119,0.00436125093935061,0.502
"S2",150,9,0.2,"ENet",1.80880781888296,0.0355729453996339,1.85685068688025,0.00648808660052423,0.22
"S2",150,9,0.2,"BART",1.96440826090913,0.0642789576056367,2.04729028070106,0.162088528626692,0.002
"S2",150,9,0.2,"RF",2.11450275483063,0.0616648987309159,2.19812735549951,0.312183022548185,0
"S2",150,9,0.2,"XGB",1.98297477339959,0.0521946485180158,2.04877186154338,0.180655041117149,0
"S2",500,9,0.2,"OLS",1.76582009964692,0.0168945290932475,1.78788351345922,-0.0361641165625111,0.11
"S2",500,9,0.2,"Ridge",1.7731424035029,0.0184044270964111,1.79703539719007,-0.0288418127065299,0.006
"S2",500,9,0.2,"LASSO",1.76342806750492,0.0170574618532012,1.78663334734839,-0.0385561487045088,0.182
"S2",500,9,0.2,"ENet",1.76397651944713,0.0170128079399129,1.78720587566199,-0.0380076967623007,0.07
"S2",500,9,0.2,"BART",1.78169225671707,0.029597110119444,1.81700719424469,-0.0202919594923586,0.132
"S2",500,9,0.2,"RF",1.90030318761306,0.0346155589761229,1.94311041493145,0.098318971403636,0
"S2",500,9,0.2,"XGB",1.75758466230942,0.0247431328618545,1.78727466355664,-0.0443995539000126,0.5
"S2",35,9,0.6,"OLS",2.20665269216587,0.16954184820488,2.42756936162589,0.405210762680482,0.168
"S2",35,9,0.6,"Ridge",2.16763795793768,0.16069624978991,2.38413448801779,0.366196028452297,0.18
"S2",35,9,0.6,"LASSO",2.15325252238088,0.165421719266516,2.36340570326707,0.351810592895491,0.296
"S2",35,9,0.6,"ENet",2.14901917328426,0.155546465317885,2.33228623131854,0.34757724379887,0.23
"S2",35,9,0.6,"BART",2.29091592178984,0.143570635328453,2.48880991182678,0.489473992304448,0.056
"S2",35,9,0.6,"RF",2.28964580187164,0.132067122288665,2.4645369114559,0.488203872386255,0.046
"S2",35,9,0.6,"XGB",2.36206653393455,0.166057058337279,2.58210993833245,0.560624604449162,0.024
"S2",75,9,0.6,"OLS",2.01307251563627,0.0820619749720855,2.12289272528753,0.20931142312385,0.154
"S2",75,9,0.6,"Ridge",2.00555454559345,0.0818869902827911,2.10477818769049,0.201793453081025,0.098
"S2",75,9,0.6,"LASSO",1.99765005373664,0.0858877459956902,2.10366624799207,0.193888961224214,0.336
"S2",75,9,0.6,"ENet",1.99925668759725,0.0871218539407002,2.12014290417091,0.195495595084827,0.214
"S2",75,9,0.6,"BART",2.08490556868436,0.11017677593351,2.21442240871288,0.28114447617194,0.074
"S2",75,9,0.6,"RF",2.09377906075957,0.0869614516499206,2.20526687228356,0.290017968247152,0.044
"S2",75,9,0.6,"XGB",2.0919674756999,0.0963257970133945,2.21507947963988,0.288206383187478,0.08
"S2",150,9,0.6,"OLS",1.93291214731219,0.0393567345660141,1.98567325006613,0.130590773921259,0.104
"S2",150,9,0.6,"Ridge",1.93554300270211,0.0387329172821061,1.98559739388627,0.133221629311184,0.012
"S2",150,9,0.6,"LASSO",1.92552080557906,0.0426308974602897,1.97813403668392,0.123199432188127,0.126
"S2",150,9,0.6,"ENet",1.92578534705865,0.0410572038682639,1.97731623421737,0.123463973667717,0.074
"S2",150,9,0.6,"BART",1.92733992795796,0.0653465234657244,2.01143306373662,0.125018554567026,0.312
"S2",150,9,0.6,"RF",1.95990893380477,0.0561942289494913,2.0316851828848,0.157587560413835,0.042
"S2",150,9,0.6,"XGB",1.91652451576229,0.055107228368109,1.98935493687905,0.114203142371364,0.33
"S2",500,9,0.6,"OLS",1.88012877630004,0.0196294203632066,1.90589901305759,0.0751501959288091,0
"S2",500,9,0.6,"Ridge",1.89317390107277,0.0210637357997997,1.9200268975952,0.0881953207015408,0
"S2",500,9,0.6,"LASSO",1.87740899004138,0.0195480076536157,1.90257139163699,0.0724304096701568,0
"S2",500,9,0.6,"ENet",1.87825756531728,0.0198998156127495,1.90327886242649,0.0732789849460494,0
"S2",500,9,0.6,"BART",1.76054035144035,0.0301334246996067,1.79884107546253,-0.0444382289308719,0.07
"S2",500,9,0.6,"RF",1.79193849318526,0.0261937299314334,1.82459817961866,-0.013040087185966,0.002
"S2",500,9,0.6,"XGB",1.71910134449953,0.0231952123892779,1.74946850675308,-0.0858772358716944,0.928
"S2",35,9,0.85,"OLS",2.35386023987692,0.192897533039334,2.61367292441759,0.554883194545493,0.046
"S2",35,9,0.85,"Ridge",2.22102271000704,0.144899688146954,2.36333005443597,0.42204566467561,0.044
"S2",35,9,0.85,"LASSO",2.22870019467003,0.166660151006945,2.43801315148051,0.429723149338602,0.052
"S2",35,9,0.85,"ENet",2.22504857986634,0.154620258646124,2.42222673187446,0.426071534534908,0.052
"S2",35,9,0.85,"BART",2.1644303414611,0.151944981007153,2.35215230323712,0.365453296129665,0.054
"S2",35,9,0.85,"RF",2.06130153975536,0.138603617515926,2.24578373631546,0.262324494423927,0.702
"S2",35,9,0.85,"XGB",2.2018890180459,0.157754470022804,2.39701498075278,0.402911972714469,0.05
"S2",75,9,0.85,"OLS",2.14059488520326,0.0865559990172068,2.25317975986083,0.342883193553501,0.01
"S2",75,9,0.85,"Ridge",2.11304515944219,0.0723275521912955,2.20709970706224,0.315333467792432,0.01
"S2",75,9,0.85,"LASSO",2.11248302874634,0.0781227010315902,2.21269871779708,0.314771337096588,0.006
"S2",75,9,0.85,"ENet",2.11201731597096,0.0741958207663266,2.20483015394238,0.314305624321205,0.008
"S2",75,9,0.85,"BART",1.9913184915108,0.100514404393618,2.13061884683838,0.193606799861047,0.054
"S2",75,9,0.85,"RF",1.90464218751391,0.0817258224439778,2.02132140429038,0.106930495864151,0.87
"S2",75,9,0.85,"XGB",1.98977859568229,0.0949791140575976,2.11482159113859,0.192066904032535,0.042
"S2",150,9,0.85,"OLS",2.05403084959499,0.0433848523705931,2.10872328662026,0.249655868827792,0
"S2",150,9,0.85,"Ridge",2.05143001362704,0.0408248760229016,2.10279430878312,0.24705503285984,0
"S2",150,9,0.85,"LASSO",2.04346553695813,0.0433633289415317,2.0938884051489,0.239090556190927,0
"S2",150,9,0.85,"ENet",2.04504631009801,0.0428636730314708,2.09912901652344,0.240671329330812,0
"S2",150,9,0.85,"BART",1.85438124495202,0.0592693317373059,1.93094833942915,0.0500062641848208,0.076
"S2",150,9,0.85,"RF",1.79329756903333,0.0459387871375255,1.85238079715981,-0.0110774117338708,0.86
"S2",150,9,0.85,"XGB",1.84480762125641,0.053877261551185,1.91131218269786,0.0404326404892085,0.064
"S2",500,9,0.85,"OLS",1.99778124114786,0.0243903011896569,2.02839829503221,0.195583145847597,0
"S2",500,9,0.85,"Ridge",2.01846267082165,0.0255121826620914,2.05165098819681,0.216264575521385,0
"S2",500,9,0.85,"LASSO",1.99541463229916,0.0245715561947254,2.02699783717584,0.193216536998899,0
"S2",500,9,0.85,"ENet",1.99570845678665,0.0247815704818679,2.02734178826583,0.193510361486385,0
"S2",500,9,0.85,"BART",1.72077876377656,0.0315012668560812,1.75695628292193,-0.0814193315237024,0.016
"S2",500,9,0.85,"RF",1.68015503765463,0.0226850172490521,1.71034577346809,-0.122043057645634,0.336
"S2",500,9,0.85,"XGB",1.67581194356601,0.0244406346591086,1.70648558334636,-0.12638615173425,0.648
"S2",35,30,0.2,"OLS",5.29379078737583,1.90342475617086,7.92826170977444,3.50282078532706,0
"S2",35,30,0.2,"Ridge",2.90068348751888,0.0936464273812058,3.0089538955134,1.10971348547012,0
"S2",35,30,0.2,"LASSO",2.22316605786345,0.282192976712033,2.55735682813734,0.432196055814682,0.74
"S2",35,30,0.2,"ENet",2.26711517307351,0.259399104754642,2.59145036804554,0.476145171024741,0.232
"S2",35,30,0.2,"BART",2.71308211672168,0.22935834944309,2.99297852190537,0.92211211467291,0.006
"S2",35,30,0.2,"RF",2.72523440546492,0.143717383950215,2.91478749072506,0.934264403416156,0.008
"S2",35,30,0.2,"XGB",2.69583011898947,0.198426601215179,2.99126894530152,0.9048601169407,0.014
"S2",75,30,0.2,"OLS",2.29248295897419,0.1674134484971,2.51767382564989,0.485835567942122,0
"S2",75,30,0.2,"Ridge",2.16701533359164,0.120503651240102,2.31683441716527,0.360367942559576,0.002
"S2",75,30,0.2,"LASSO",1.94081403585996,0.101015096972604,2.0750802627235,0.134166644827894,0.836
"S2",75,30,0.2,"ENet",1.96821538943039,0.106589785555482,2.10570443173224,0.161567998398324,0.158
"S2",75,30,0.2,"BART",2.40133843294108,0.155275431132785,2.62073983384143,0.594691041909014,0.002
"S2",75,30,0.2,"RF",2.4763613810312,0.0977505777645504,2.59792208816543,0.669713989999131,0
"S2",75,30,0.2,"XGB",2.35310778085221,0.105824882353505,2.48324309473186,0.546460389820146,0.002
"S2",150,30,0.2,"OLS",1.96802541272044,0.0601483329575102,2.0544018736764,0.162478227002174,0.004
"S2",150,30,0.2,"Ridge",1.94919617419753,0.0559223521680237,2.017758127598,0.143648988479255,0
"S2",150,30,0.2,"LASSO",1.83925161321748,0.0427435328349693,1.89727756333168,0.033704427499209,0.844
"S2",150,30,0.2,"ENet",1.85228341143882,0.0440367347121571,1.9101718597656,0.0467362257205526,0.152
"S2",150,30,0.2,"BART",2.12137738594546,0.0925216201993648,2.24696134003762,0.315830200227192,0
"S2",150,30,0.2,"RF",2.29036637385344,0.0699989973754667,2.37287838785157,0.484819188135166,0
"S2",150,30,0.2,"XGB",2.09448007103645,0.063018391176518,2.17933889962335,0.288932885318181,0
"S2",500,30,0.2,"OLS",1.80457896763079,0.0208767349267895,1.83255939384631,0.00341792366992524,0.004
"S2",500,30,0.2,"Ridge",1.80646600761106,0.0206785965098416,1.83358804603135,0.00530496365019742,0
"S2",500,30,0.2,"LASSO",1.7718637466576,0.0173732699472441,1.79329132305171,-0.0292972973032692,0.84
"S2",500,30,0.2,"ENet",1.77638111060951,0.0181905953292544,1.80092704035662,-0.024779933351355,0.084
"S2",500,30,0.2,"BART",1.85840328644392,0.0388278426198044,1.90811493393007,0.0572422424830577,0
"S2",500,30,0.2,"RF",2.04251581555144,0.0370703736161226,2.090382695128,0.241354771590577,0
"S2",500,30,0.2,"XGB",1.80918803401851,0.0290931064534938,1.84567350227106,0.00802699005764095,0.072
"S2",35,30,0.6,"OLS",5.78882448389676,2.39659108016446,8.20252188778952,3.99020231051158,0
"S2",35,30,0.6,"Ridge",2.59211796869076,0.120515135567738,2.74357368294816,0.793495795305588,0.002
"S2",35,30,0.6,"LASSO",2.30120294810223,0.260037162226273,2.59729024805528,0.50258077471706,0.534
"S2",35,30,0.6,"ENet",2.30808313751346,0.221107749709519,2.57904393207826,0.509460964128282,0.282
"S2",35,30,0.6,"BART",2.4920254161928,0.167603425013977,2.69892650005243,0.693403242807623,0.03
"S2",35,30,0.6,"RF",2.41108178934158,0.134141467917026,2.57788363250859,0.612459615956402,0.094
"S2",35,30,0.6,"XGB",2.47730789527714,0.186348224918223,2.69584504933726,0.678685721891964,0.058
"S2",75,30,0.6,"OLS",2.44071744589296,0.179163062410447,2.67516963059527,0.641036830169102,0
"S2",75,30,0.6,"Ridge",2.20515669533381,0.0937789311174471,2.33460673626448,0.405476079609953,0.002
"S2",75,30,0.6,"LASSO",2.06125045725359,0.0881399452764473,2.1771234162619,0.261569841529734,0.662
"S2",75,30,0.6,"ENet",2.08024074272089,0.0931453745762429,2.19204900024273,0.280560126997028,0.234
"S2",75,30,0.6,"BART",2.27534760174573,0.124224993832954,2.44497404900498,0.475666986021874,0.018
"S2",75,30,0.6,"RF",2.22216786105967,0.0850082551322559,2.33563072564226,0.422487245335807,0.02
"S2",75,30,0.6,"XGB",2.20062728956671,0.10155911318644,2.32924189562551,0.400946673842854,0.064
"S2",150,30,0.6,"OLS",2.09066851165594,0.0701298515149967,2.18047681083653,0.288688571849014,0.004
"S2",150,30,0.6,"Ridge",2.04638730480653,0.0554128536323455,2.11984615669925,0.244407364999604,0
"S2",150,30,0.6,"LASSO",1.95392733585695,0.0501094117281248,2.0241077346235,0.151947396050023,0.648
"S2",150,30,0.6,"ENet",1.96396216436382,0.0527255860595686,2.03565841906077,0.161982224556896,0.138
"S2",150,30,0.6,"BART",2.07288247203322,0.0830262255845433,2.17366434426541,0.270902532226299,0.03
"S2",150,30,0.6,"RF",2.07953102703598,0.0579157648268962,2.15698587726354,0.277551087229058,0
"S2",150,30,0.6,"XGB",2.00253154071241,0.0593567889147019,2.08113378366034,0.200551600905489,0.18
"S2",500,30,0.6,"OLS",1.91862532232916,0.0250233077775452,1.95031325538327,0.116062862137972,0
"S2",500,30,0.6,"Ridge",1.92165796832561,0.0244678618123544,1.9533125557916,0.119095508134414,0
"S2",500,30,0.6,"LASSO",1.88447210799957,0.0221459301392883,1.9137865397915,0.0819096478083799,0
"S2",500,30,0.6,"ENet",1.88842765334145,0.0229373035295858,1.92007665255045,0.0858651931502607,0
"S2",500,30,0.6,"BART",1.83076777553809,0.0378601745601242,1.87946788901046,0.028205315346895,0.038
"S2",500,30,0.6,"RF",1.88772848551247,0.032036874024912,1.92783891168687,0.0851660253212736,0
"S2",500,30,0.6,"XGB",1.76342717233913,0.0284036014911021,1.80088091447948,-0.0391352878520584,0.962
"S2",35,30,0.85,"OLS",5.98721275395799,2.85012363790559,8.5008955009038,4.18634499602612,0
"S2",35,30,0.85,"Ridge",2.36876175639605,0.138722925727924,2.55198806048887,0.567893998464179,0
"S2",35,30,0.85,"LASSO",2.32888994082603,0.201523079859521,2.57182771662019,0.528022182894166,0.056
"S2",35,30,0.85,"ENet",2.31909978581599,0.194502514930747,2.54273562973993,0.518232027884117,0.036
"S2",35,30,0.85,"BART",2.239308282324,0.153910105346519,2.43442896534265,0.438440524392136,0.03
"S2",35,30,0.85,"RF",2.10242050241603,0.134864822168075,2.29260938115854,0.301552744484165,0.776
"S2",35,30,0.85,"XGB",2.22957506942781,0.151940960870475,2.41780303609294,0.428707311495937,0.102
"S2",75,30,0.85,"OLS",2.59561418799397,0.1982703581108,2.84845095373883,0.794215752117355,0
"S2",75,30,0.85,"Ridge",2.2046441983338,0.0698074036596026,2.29758970938243,0.40324576245719,0
"S2",75,30,0.85,"LASSO",2.15567148711152,0.0921199243011007,2.26725928378968,0.354273051234903,0.024
"S2",75,30,0.85,"ENet",2.16070808265639,0.0840288732603166,2.26276028807357,0.359309646779776,0.004
"S2",75,30,0.85,"BART",2.07534313596491,0.0931453291309814,2.19797032026589,0.273944700088298,0.014
"S2",75,30,0.85,"RF",1.95632206978892,0.0770689661906922,2.04983454844444,0.154923633912303,0.89
"S2",75,30,0.85,"XGB",2.0422310104023,0.0972217694609075,2.16112861178925,0.240832574525691,0.068
"S2",150,30,0.85,"OLS",2.22823127231635,0.0784448721636421,2.33304551835119,0.428829489872144,0
"S2",150,30,0.85,"Ridge",2.12881458365535,0.0516601592216279,2.18878312770149,0.329412801211149,0
"S2",150,30,0.85,"LASSO",2.076932450302,0.0526832162249391,2.13837010057735,0.277530667857793,0
"S2",150,30,0.85,"ENet",2.08210945540133,0.0506302776667227,2.14052499749595,0.282707672957127,0
"S2",150,30,0.85,"BART",1.94461288933088,0.0646006128896215,2.02439762780921,0.145211106886674,0.052
"S2",150,30,0.85,"RF",1.85834886769671,0.0448669293130843,1.91552340295072,0.0589470852525075,0.872
"S2",150,30,0.85,"XGB",1.90146893571982,0.0556147061276557,1.97423659083447,0.102067153275619,0.076
"S2",500,30,0.85,"OLS",2.04368210405088,0.0272536635743837,2.07918206066518,0.241525014960062,0
"S2",500,30,0.85,"Ridge",2.04255071455238,0.0235618230741904,2.07468972735164,0.240393625461558,0
"S2",500,30,0.85,"LASSO",2.0070438107554,0.0227586873621055,2.03873783999839,0.204886721664578,0
"S2",500,30,0.85,"ENet",2.01026906581594,0.0231742268654054,2.04213240026021,0.208111976725125,0
"S2",500,30,0.85,"BART",1.77477685972162,0.0321217824655336,1.81650005954194,-0.0273802293692009,0.008
"S2",500,30,0.85,"RF",1.72951441886929,0.0234826377697038,1.76058708749479,-0.0726426702215231,0.176
"S2",500,30,0.85,"XGB",1.71524637687977,0.0261155354551976,1.74853910193028,-0.0869107122110462,0.816
"S3",35,9,0.2,"OLS",1.62486872009444,0.14741769612252,1.81180982005297,0.250863957524062,0.186
"S3",35,9,0.2,"Ridge",1.61134294168303,0.141130844924581,1.79085784828906,0.237338179112648,0.128
"S3",35,9,0.2,"LASSO",1.58840675742308,0.139925089506763,1.7765275299015,0.214401994852696,0.386
"S3",35,9,0.2,"ENet",1.58542514688167,0.138234997926038,1.75095064347045,0.211420384311289,0.3
"S3",35,9,0.2,"BART",2.10266134827739,0.177539019820593,2.31408327149469,0.728656585707006,0
"S3",35,9,0.2,"RF",2.2707103556302,0.141690895109248,2.46264823105035,0.896705593059816,0
"S3",35,9,0.2,"XGB",2.20786883366885,0.185904950364728,2.44213615825567,0.83386407109847,0
"S3",75,9,0.2,"OLS",1.47595207450121,0.0606004333587693,1.55165504977592,0.103398878762614,0.192
"S3",75,9,0.2,"Ridge",1.47609406639996,0.061810950345457,1.54912659461866,0.10354087066136,0.09
"S3",75,9,0.2,"LASSO",1.4604267317535,0.0633422243337558,1.53326963598028,0.0878735360149062,0.494
"S3",75,9,0.2,"ENet",1.46280276931187,0.0623686410113185,1.53211825791517,0.0902495735732725,0.224
"S3",75,9,0.2,"BART",1.86112895255541,0.111909615635792,2.00166781615744,0.48857575681681,0
"S3",75,9,0.2,"RF",2.0457089780818,0.0918419849368479,2.15990917378017,0.673155782343197,0
"S3",75,9,0.2,"XGB",1.91727337263135,0.102907505755466,2.04350621888824,0.544720176892754,0
"S3",150,9,0.2,"OLS",1.42446706145236,0.0341746592712639,1.46503659398051,0.0502669854800496,0.252
"S3",150,9,0.2,"Ridge",1.43251016600686,0.0348487553198708,1.47507769193283,0.0583100900345481,0.06
"S3",150,9,0.2,"LASSO",1.41973049728555,0.0333180150891918,1.45870888013874,0.0455304213132445,0.48
"S3",150,9,0.2,"ENet",1.42114462527748,0.033209840235161,1.46277674867769,0.0469445493051711,0.208
"S3",150,9,0.2,"BART",1.70009351170621,0.0705865354178872,1.7900307160326,0.325893435733899,0
"S3",150,9,0.2,"RF",1.88515090259917,0.0656807816867026,1.96455709117676,0.51095082662686,0
"S3",150,9,0.2,"XGB",1.74064157466664,0.0568104210904242,1.81350916315528,0.366441498694336,0
"S3",500,9,0.2,"OLS",1.38709102871076,0.0225457357136099,1.41538427959928,0.0146924194602557,0.212
"S3",500,9,0.2,"Ridge",1.3989341196296,0.0242141999925072,1.43032754256022,0.026535510379094,0.01
"S3",500,9,0.2,"LASSO",1.38523651212149,0.0227529878549464,1.4145842071977,0.0128379028709868,0.562
"S3",500,9,0.2,"ENet",1.38594931530278,0.0226972531088409,1.41513454184523,0.0135507060522733,0.216
"S3",500,9,0.2,"BART",1.55414824540987,0.0365299324599346,1.59575620781267,0.181749636159366,0
"S3",500,9,0.2,"RF",1.68419267591158,0.0357732299697419,1.7339255390466,0.31179406666108,0
"S3",500,9,0.2,"XGB",1.55011664384934,0.0305722919096148,1.58693035145849,0.177718034598836,0
"S3",35,9,0.6,"OLS",1.62578081242298,0.195660028828237,1.81732287791054,0.251812675557872,0.182
"S3",35,9,0.6,"Ridge",1.59324508632873,0.128423402965064,1.76148795777604,0.219276949463618,0.204
"S3",35,9,0.6,"LASSO",1.58555882364989,0.147967057624154,1.76055562241925,0.211590686784782,0.378
"S3",35,9,0.6,"ENet",1.58588615086791,0.156074601188248,1.74617322175936,0.211918014002803,0.234
"S3",35,9,0.6,"BART",1.99721089154079,0.139052910493999,2.18159213014935,0.623242754675682,0
"S3",35,9,0.6,"RF",2.01717455002758,0.104629844753263,2.15720312838669,0.64320641316247,0.002
"S3",35,9,0.6,"XGB",2.07960966410861,0.176347497973063,2.27011888746142,0.705641527243503,0
"S3",75,9,0.6,"OLS",1.47707013359431,0.060461123216338,1.55929688885239,0.101560432873731,0.22
"S3",75,9,0.6,"Ridge",1.48332101854857,0.0572764203867575,1.55575287804882,0.107811317827985,0.09
"S3",75,9,0.6,"LASSO",1.46492137415031,0.0617238108827168,1.54243542979716,0.0894116734297248,0.452
"S3",75,9,0.6,"ENet",1.46601843209515,0.0606036904160751,1.54324754362766,0.0905087313745632,0.238
"S3",75,9,0.6,"BART",1.82265037674105,0.108312276169953,1.94881740979154,0.447140676020466,0
"S3",75,9,0.6,"RF",1.8572015941192,0.0690937744879684,1.94965183255185,0.481691893398618,0
"S3",75,9,0.6,"XGB",1.83852582073459,0.0949873639498294,1.9641581791254,0.463016120014007,0
"S3",150,9,0.6,"OLS",1.42303682938141,0.0315086588848774,1.45927164834715,0.0500742203710847,0.264
"S3",150,9,0.6,"Ridge",1.44037189744356,0.0340857815526066,1.48789281524679,0.0674092884332284,0.036
"S3",150,9,0.6,"LASSO",1.41745939235292,0.0335231078059332,1.45771052045642,0.0444967833425868,0.496
"S3",150,9,0.6,"ENet",1.41890986892191,0.0320359351033218,1.45745413073658,0.0459472599115808,0.204
"S3",150,9,0.6,"BART",1.68660043537845,0.0663530507471915,1.76324520138901,0.313637826368116,0
"S3",150,9,0.6,"RF",1.74220282284431,0.0499360573517693,1.80359520408833,0.369240213833977,0
"S3",150,9,0.6,"XGB",1.69786227982232,0.061853419595326,1.77245824888431,0.324899670811986,0
"S3",500,9,0.6,"OLS",1.38763359214238,0.0236718049182152,1.41646885907965,0.0142963024386677,0.2
"S3",500,9,0.6,"Ridge",1.41136623647502,0.0254483723236239,1.44222828438874,0.0380289467713087,0.002
"S3",500,9,0.6,"LASSO",1.38575986541488,0.0239100318964733,1.41417579185416,0.0124225757111697,0.57
"S3",500,9,0.6,"ENet",1.3862354018634,0.0236674978385886,1.41496033721884,0.0128981121596888,0.228
"S3",500,9,0.6,"BART",1.55453862531682,0.037907502349222,1.5969816759819,0.181201335613114,0
"S3",500,9,0.6,"RF",1.60310388636773,0.0293288084401761,1.64034378582991,0.229766596664024,0
"S3",500,9,0.6,"XGB",1.5349583804426,0.0310721623335099,1.57151258547179,0.161621090738889,0
"S3",35,9,0.85,"OLS",1.61919681437101,0.143591353336674,1.79155203207118,0.246021810512473,0.114
"S3",35,9,0.85,"Ridge",1.55933270127475,0.10049219866453,1.67341463508886,0.18615769741621,0.284
"S3",35,9,0.85,"LASSO",1.55501078230555,0.109951250086103,1.6739219772713,0.181835778447007,0.364
"S3",35,9,0.85,"ENet",1.55595583286208,0.110599798081098,1.68106307825997,0.182780829003544,0.232
"S3",35,9,0.85,"BART",1.85411530441262,0.103833306616234,1.98882074610913,0.480940300554077,0
"S3",35,9,0.85,"RF",1.78431184702589,0.0979314508354697,1.90688067232962,0.411136843167348,0.006
"S3",35,9,0.85,"XGB",1.94100759770307,0.18224267867748,2.13445959687378,0.567832593844532,0
"S3",75,9,0.85,"OLS",1.48074094621335,0.067194971615888,1.56035710097123,0.106538336248963,0.216
"S3",75,9,0.85,"Ridge",1.48419107790915,0.0548366393175172,1.55614225026127,0.109988467944769,0.122
"S3",75,9,0.85,"LASSO",1.46630800585729,0.0588252419181302,1.5441775494625,0.0921053958929037,0.382
"S3",75,9,0.85,"ENet",1.46653277693036,0.0590944361512003,1.53933896280648,0.0923301669659734,0.28
"S3",75,9,0.85,"BART",1.74921344027012,0.0916567420416532,1.86636111283517,0.375010830305732,0
"S3",75,9,0.85,"RF",1.67882427035695,0.0563294562572294,1.74754756124172,0.304621660392568,0
"S3",75,9,0.85,"XGB",1.7700119676403,0.09749307583557,1.90106139264681,0.395809357675919,0
"S3",150,9,0.85,"OLS",1.42431476428048,0.0321962694313711,1.46813267231922,0.0498021430720019,0.218
"S3",150,9,0.85,"Ridge",1.45004658444195,0.0321707777502832,1.49067205113674,0.0755339632334654,0.018
"S3",150,9,0.85,"LASSO",1.41832660735857,0.031741351893257,1.45993498900157,0.0438139861500893,0.446
"S3",150,9,0.85,"ENet",1.41871313152918,0.0318412505815394,1.45878439906313,0.0442005103206975,0.318
"S3",150,9,0.85,"BART",1.65581024156219,0.0721299674013417,1.73229040572619,0.281297620353711,0
"S3",150,9,0.85,"RF",1.60601423203817,0.0418148489147969,1.65653739114115,0.23150161082969,0
"S3",150,9,0.85,"XGB",1.65489203857812,0.0618868818434896,1.7316066044002,0.280379417369639,0
"S3",500,9,0.85,"OLS",1.38765513909493,0.0222853940283156,1.41494091574315,0.0140452864732842,0.238
"S3",500,9,0.85,"Ridge",1.42913300984795,0.0233207680674915,1.45841111077276,0.0555231572263014,0
"S3",500,9,0.85,"LASSO",1.38602555183699,0.0223932342447417,1.41354318382229,0.012415699215347,0.506
"S3",500,9,0.85,"ENet",1.38633478389348,0.0223048522586915,1.41406895480669,0.0127249312718334,0.256
"S3",500,9,0.85,"BART",1.54344194664679,0.0372547620875732,1.5882972136432,0.16983209402514,0
"S3",500,9,0.85,"RF",1.51675064119298,0.0262632902957532,1.54836471108555,0.143140788571332,0
"S3",500,9,0.85,"XGB",1.51750793249741,0.0325745540658727,1.55397972077402,0.143898079875763,0
"S3",35,30,0.2,"OLS",4.16752048759711,1.63730296950984,6.01436001616232,2.79303187162122,0
"S3",35,30,0.2,"Ridge",2.69750373312127,0.0949876971697235,2.81446649016954,1.32301511714538,0
"S3",35,30,0.2,"LASSO",1.76624688782944,0.243590219191998,2.06564199382365,0.391758271853545,0.738
"S3",35,30,0.2,"ENet",1.80558026073095,0.237230604927785,2.12010261016512,0.43109164475506,0.25
"S3",35,30,0.2,"BART",2.42743521728672,0.243246800395938,2.72088417198044,1.05294660131083,0.004
"S3",35,30,0.2,"RF",2.4750099848985,0.139481923690811,2.64908203403992,1.1005213689226,0
"S3",35,30,0.2,"XGB",2.38444541238877,0.198142305521718,2.61863055277493,1.00995679641288,0.008
"S3",75,30,0.2,"OLS",1.80187728056674,0.186962853305649,2.02886571274986,0.427354190333244,0.006
"S3",75,30,0.2,"Ridge",1.72148069581525,0.12570057117396,1.877975987769,0.346957605581748,0.006
"S3",75,30,0.2,"LASSO",1.52729951545537,0.0938972112289581,1.63472552676752,0.152776425221872,0.84
"S3",75,30,0.2,"ENet",1.54880345713312,0.0976689324160305,1.66420798052204,0.174280366899619,0.148
"S3",75,30,0.2,"BART",2.09171326594727,0.167619366253533,2.30516392104327,0.71719017571377,0
"S3",75,30,0.2,"RF",2.2165403443839,0.0999168418202385,2.33946761822638,0.8420172541504,0
"S3",75,30,0.2,"XGB",2.04532702489659,0.11353515352278,2.18657106681812,0.67080393466309,0
"S3",150,30,0.2,"OLS",1.54256828364139,0.075801782858428,1.61718765441023,0.169231345496184,0.012
"S3",150,30,0.2,"Ridge",1.53352971516384,0.0673993607396493,1.59603191477418,0.160192777018629,0
"S3",150,30,0.2,"LASSO",1.44620145642636,0.0596681907481919,1.49675374944752,0.0728645182811532,0.872
"S3",150,30,0.2,"ENet",1.45775423151565,0.0630512799598819,1.5092968696227,0.0844172933704469,0.116
"S3",150,30,0.2,"BART",1.81667173333499,0.119368648507322,1.92732258759683,0.443334795189781,0
"S3",150,30,0.2,"RF",2.03327753440193,0.0734097013340341,2.11415761503639,0.65994059625672,0
"S3",150,30,0.2,"XGB",1.81612240382933,0.160987310723123,1.89444008614357,0.442785465684126,0
"S3",500,30,0.2,"OLS",1.41781675737424,0.0255382611009129,1.45214857688401,0.0448009417711266,0.01
"S3",500,30,0.2,"Ridge",1.42699401637626,0.0257693330347533,1.45985145984764,0.0539782007731466,0
"S3",500,30,0.2,"LASSO",1.39332165401868,0.0226947045690694,1.42525518003541,0.0203058384155671,0.91
"S3",500,30,0.2,"ENet",1.39721719992348,0.0232501968126911,1.42749056813183,0.0242013843203601,0.08
"S3",500,30,0.2,"BART",1.60753954962727,0.0521152701206886,1.66231894953697,0.23452373402415,0
"S3",500,30,0.2,"RF",1.80169604932227,0.0371129043671584,1.8518148931908,0.428680233719159,0
"S3",500,30,0.2,"XGB",1.58173696742971,0.0336098746097599,1.62234650932314,0.208721151826592,0
"S3",35,30,0.6,"OLS",4.32385614213077,1.98032365512934,6.6252853719245,2.95023607207863,0
"S3",35,30,0.6,"Ridge",2.25645765316714,0.089689707838214,2.36900695518224,0.882837583115007,0.002
"S3",35,30,0.6,"LASSO",1.72461038189858,0.194163895678133,1.98078619335668,0.350990311846443,0.676
"S3",35,30,0.6,"ENet",1.7478832228862,0.193219487910883,2.00437807451468,0.374263152834067,0.306
"S3",35,30,0.6,"BART",2.19598436379934,0.1558101033556,2.40602301013148,0.822364293747203,0.002
"S3",35,30,0.6,"RF",2.13718197448481,0.111645622731492,2.27550101524753,0.763561904432672,0.01
"S3",35,30,0.6,"XGB",2.18757217804896,0.205464662785739,2.39784923454138,0.813952107996829,0.004
"S3",75,30,0.6,"OLS",1.78983871057555,0.146270226068915,1.97773003899245,0.416624422813987,0
"S3",75,30,0.6,"Ridge",1.66354509311891,0.0909599908359845,1.77641069923204,0.290330805357341,0
"S3",75,30,0.6,"LASSO",1.51709735908467,0.0812132984181614,1.62544177120405,0.143883071323106,0.808
"S3",75,30,0.6,"ENet",1.53308222611703,0.0832490417067286,1.64267365195257,0.159867938355467,0.192
"S3",75,30,0.6,"BART",2.00939607535937,0.132896023506474,2.16934462290226,0.636181787597805,0
"S3",75,30,0.6,"RF",1.96176654086154,0.0701352512732071,2.05139244787114,0.58855225309997,0
"S3",75,30,0.6,"XGB",1.92967191170093,0.0951468600627369,2.04573518665958,0.556457623939363,0
"S3",150,30,0.6,"OLS",1.5454866768517,0.0632009035061149,1.62488874339432,0.172519524219673,0.006
"S3",150,30,0.6,"Ridge",1.52669446344699,0.0537334787060243,1.59173113244663,0.153727310814959,0.002
"S3",150,30,0.6,"LASSO",1.44515117443237,0.0448192984789662,1.50129560036857,0.0721840218003393,0.842
"S3",150,30,0.6,"ENet",1.45502116897092,0.0472796457813415,1.51281733355638,0.0820540163388882,0.15
"S3",150,30,0.6,"BART",1.81678233091509,0.0997175980383522,1.9346998078521,0.443815178283062,0
"S3",150,30,0.6,"RF",1.84087749425617,0.0532316750656771,1.90622418795026,0.467910341624139,0
"S3",150,30,0.6,"XGB",1.76226310974371,0.0723691929906379,1.83893815411184,0.389295957111685,0
"S3",500,30,0.6,"OLS",1.41960522001618,0.0231034335122473,1.44758710584843,0.0442316094712251,0.004
"S3",500,30,0.6,"Ridge",1.43791372120322,0.0245022013445707,1.46760321422059,0.0625401106582618,0
"S3",500,30,0.6,"LASSO",1.39457581156733,0.0225158481773335,1.42325770546854,0.0192022010223712,0.898
"S3",500,30,0.6,"ENet",1.39788339852899,0.022729009992562,1.42566767182921,0.0225097879840378,0.098
"S3",500,30,0.6,"BART",1.61296462407327,0.0398744707687415,1.66640433785395,0.237591013528313,0
"S3",500,30,0.6,"RF",1.67884854498687,0.0298632617149032,1.71876312825893,0.303474934441909,0
"S3",500,30,0.6,"XGB",1.56342788331105,0.0288699230686738,1.60228299277922,0.188054272766097,0
"S3",35,30,0.85,"OLS",4.2165430557611,1.79113466428874,6.64555451947016,2.84391984916938,0
"S3",35,30,0.85,"Ridge",1.8612375463686,0.0948021502930726,1.98955627974187,0.488614339776886,0.032
"S3",35,30,0.85,"LASSO",1.64197144956194,0.153179751282498,1.83286229659525,0.269348242970221,0.55
"S3",35,30,0.85,"ENet",1.64248778721688,0.132043471946098,1.80383665521372,0.269864580625163,0.404
"S3",35,30,0.85,"BART",1.93517164801666,0.10467278345013,2.07427048227782,0.562548441424938,0
"S3",35,30,0.85,"RF",1.83305672542339,0.0965877979896927,1.93952801416768,0.460433518831672,0.014
"S3",35,30,0.85,"XGB",1.97271023098233,0.156114605699998,2.15747740229081,0.600087024390606,0
"S3",75,30,0.85,"OLS",1.80428822341127,0.171044922026609,2.01710826108799,0.42925218540633,0
"S3",75,30,0.85,"Ridge",1.5833914170231,0.062771706093204,1.66847158698541,0.208355379018164,0.024
"S3",75,30,0.85,"LASSO",1.51180756617598,0.0741020431768072,1.60171609301367,0.136771528171044,0.72
"S3",75,30,0.85,"ENet",1.52045521643357,0.0696030618062565,1.60459230077184,0.145419178428635,0.256
"S3",75,30,0.85,"BART",1.84518933794317,0.0970105587154751,1.95409454074752,0.470153299938231,0
"S3",75,30,0.85,"RF",1.7301483201005,0.0557032562596007,1.80856353407527,0.35511228209556,0
"S3",75,30,0.85,"XGB",1.81299895073209,0.0900338782702616,1.93325948589521,0.437962912727154,0
"S3",150,30,0.85,"OLS",1.54791587936017,0.0636936370395356,1.62218096973287,0.174490287077979,0.002
"S3",150,30,0.85,"Ridge",1.50628733849889,0.0418214404516392,1.5571825974368,0.132861746216699,0.002
"S3",150,30,0.85,"LASSO",1.4458338886204,0.0411702285463578,1.49697304168813,0.0724082963382047,0.802
"S3",150,30,0.85,"ENet",1.45198200676742,0.0410546135163787,1.5032696691712,0.0785564144852216,0.194
"S3",150,30,0.85,"BART",1.74648871359611,0.0904390545068977,1.84371864473765,0.373063121313915,0
"S3",150,30,0.85,"RF",1.65740879962082,0.0450337875079821,1.70947334222363,0.283983207338628,0
"S3",150,30,0.85,"XGB",1.69947672467373,0.0795568261927243,1.76734214795667,0.326051132391536,0
"S3",500,30,0.85,"OLS",1.41880292045709,0.0286408437920776,1.45026009141584,0.0443725371198345,0.008
"S3",500,30,0.85,"Ridge",1.44812650521443,0.0289478555869419,1.48056216096459,0.0736961218771725,0
"S3",500,30,0.85,"LASSO",1.39432225624721,0.0279569476966723,1.42467430858548,0.0198918729099557,0.846
"S3",500,30,0.85,"ENet",1.39695434116889,0.0279355457047735,1.42740071440675,0.0225239578316372,0.146
"S3",500,30,0.85,"BART",1.59538214053832,0.0512835979809014,1.65011940068743,0.220951757201062,0
"S3",500,30,0.85,"RF",1.55282632719696,0.0299329285364673,1.58791079748375,0.17839594385971,0
"S3",500,30,0.85,"XGB",1.54134024198628,0.03855550535129,1.5837145712599,0.166909858649029,0
